{"Top1_Acc_Exp/eval_phase/test_stream/Task000/Exp000": [[1648, 3816, 5640], [0.9030732860520094, 0.2784869976359338, 0.43215130023640663]], "Top1_Acc_Exp/eval_phase/test_stream/Task001/Exp001": [[1648, 3816, 5640], [0.0, 0.9588323353293413, 0.531437125748503]], "Top1_Acc_Exp/eval_phase/test_stream/Task002/Exp002": [[1648, 3816, 5640], [0.0, 0.0, 0.9916422900125366]], "Top1_Acc_Stream/eval_phase/test_stream/Task002": [[1648, 3816, 5640], [0.266016713091922, 0.43885793871866297, 0.6555710306406686]], "StreamForgetting/eval_phase/test_stream": [[1648, 3816, 5640], [0.0, 0.6245862884160756, 0.44915859769822053]], "ExperienceForgetting/eval_phase/test_stream/Task000/Exp000": [[3816, 5640], [0.6245862884160756, 0.4709219858156028]], "ExperienceForgetting/eval_phase/test_stream/Task001/Exp001": [[5640], [0.4273952095808383]]}