{"Top1_Acc_Exp/eval_phase/test_stream/Task000/Exp000": [[618, 1431, 2115], [0.966903073286052, 0.6737588652482269, 0.5148936170212766]], "Top1_Acc_Exp/eval_phase/test_stream/Task001/Exp001": [[618, 1431, 2115], [0.0, 0.9449850299401198, 0.6354790419161677]], "Top1_Acc_Exp/eval_phase/test_stream/Task002/Exp002": [[618, 1431, 2115], [0.0, 0.0, 0.9908065190137902]], "Top1_Acc_Stream/eval_phase/test_stream/Task002": [[618, 1431, 2115], [0.28481894150417825, 0.5501392757660167, 0.7183844011142061]], "StreamForgetting/eval_phase/test_stream": [[618, 1431, 2115], [0.0, 0.29314420803782504, 0.38075772214436376]], "ExperienceForgetting/eval_phase/test_stream/Task000/Exp000": [[1431, 2115], [0.29314420803782504, 0.4520094562647754]], "ExperienceForgetting/eval_phase/test_stream/Task001/Exp001": [[2115], [0.3095059880239521]]}