{"Top1_Acc_Epoch/train_phase/train_stream/Task000": [[411, 822, 1233, 1644, 2055, 2561, 2972, 3383, 3794, 4205, 4616, 5027, 5438, 5894, 6350, 6806, 7262, 7718, 8174, 8630, 9086, 9627, 10168, 10709, 11250, 11791, 12332, 12873, 13414], [0.8146807862258114, 0.8832469907054701, 0.9110924881913759, 0.9283864086545787, 0.9374523845802225, 0.9464421758342222, 0.948499161968612, 0.9558890751180863, 0.9652978820661283, 0.9668977601706537, 0.9693356696632638, 0.9683452689318909, 0.9724211488648484, 0.9835093252879868, 0.9935545803620406, 0.9965373011519474, 0.9962287438288535, 0.9966401535929786, 0.9973258365331871, 0.99756582556226, 0.9972572682391662, 0.946292225821379, 0.9826758445164275, 0.9869273484497918, 0.9878817677001388, 0.9891254049051366, 0.9896459972235077, 0.9895592318371125, 0.9908028690421101]], "Top1_Acc_Exp/eval_phase/test_stream/Task000/Exp000": [[5438, 9086, 13414], [0.8047281323877069, 0.0, 0.0]], "Top1_Acc_Exp/eval_phase/test_stream/Task000/Exp001": [[5438, 9086, 13414], [0.0, 0.994985374007522, 0.0]], "Top1_Acc_Exp/eval_phase/test_stream/Task000/Exp002": [[5438, 9086, 13414], [0.0, 0.0, 0.9633233532934131]], "Top1_Acc_Stream/eval_phase/test_stream/Task000": [[5438, 9086, 13414], [0.2370473537604457, 0.3316155988857939, 0.3584958217270195]], "StreamForgetting/eval_phase/test_stream": [[5438, 9086, 13414], [0.0, 0.8047281323877069, 0.8998567531976145]], "ExperienceForgetting/eval_phase/test_stream/Task000/Exp000": [[9086, 13414], [0.8047281323877069, 0.8047281323877069]], "ExperienceForgetting/eval_phase/test_stream/Task000/Exp001": [[13414], [0.994985374007522]]}