{"Top1_Acc_Epoch/train_phase/train_stream/Task000": [[411, 822, 1233, 1644, 2055, 2511, 2967, 3423, 3879, 4335, 4876, 5417, 5958, 6499, 7040], [0.8135761084869724, 0.8833993600487582, 0.9106353801615115, 0.9272817309157397, 0.9371476458936462, 0.9828922106417992, 0.9941716950082282, 0.9943088315962699, 0.9959201865057598, 0.9953373560065826, 0.9412309116149931, 0.974057149467839, 0.9798993521517816, 0.9834278111985192, 0.9832832022211939]], "Top1_Acc_Exp/eval_phase/test_stream/Task000/Exp000": [[2055, 4335, 7040], [0.383451536643026, 0.0, 0.0]], "Top1_Acc_Exp/eval_phase/test_stream/Task000/Exp001": [[2055, 4335, 7040], [0.0, 0.9945674885081488, 0.0]], "Top1_Acc_Exp/eval_phase/test_stream/Task000/Exp002": [[2055, 4335, 7040], [0.0, 0.0, 0.969311377245509]], "Top1_Acc_Stream/eval_phase/test_stream/Task000": [[2055, 4335, 7040], [0.11295264623955431, 0.33147632311977715, 0.3607242339832869]], "StreamForgetting/eval_phase/test_stream": [[2055, 4335, 7040], [0.0, 0.383451536643026, 0.6890095125755874]], "ExperienceForgetting/eval_phase/test_stream/Task000/Exp000": [[4335, 7040], [0.383451536643026, 0.383451536643026]], "ExperienceForgetting/eval_phase/test_stream/Task000/Exp001": [[7040], [0.9945674885081488]]}