{"Top1_Acc_Epoch/train_phase/train_stream/Task000": [[411, 822, 1233, 1644, 2055, 2466, 2877, 3288, 3829, 4370, 4911, 5452, 5993, 6534, 7075, 7616, 8072, 8528, 8984, 9440, 9896, 10352, 10808, 11264], [0.8162425719945147, 0.8913987505713851, 0.91829193966174, 0.9332241353039769, 0.9442709126923663, 0.9542130123419168, 0.959165015998781, 0.9599268627152217, 0.8860474631751227, 0.9631897357961188, 0.9808715220949263, 0.9850800794949731, 0.9879442366144494, 0.9905015197568389, 0.9921235679214403, 0.9945347205985504, 0.9143550624133149, 0.9791262135922331, 0.9897884882108183, 0.9935852981969486, 0.9907420249653259, 0.9946601941747573, 0.9967233009708738, 0.9969486823855755]], "Top1_Acc_Exp/eval_phase/test_stream/Task000/Exp000": [[3288, 7616, 11264], [0.9645390070921985, 0.8037825059101655, 0.5517730496453901]], "Top1_Acc_Exp/eval_phase/test_stream/Task000/Exp001": [[3288, 7616, 11264], [0.0, 0.8615269461077845, 0.4251497005988024]], "Top1_Acc_Exp/eval_phase/test_stream/Task000/Exp002": [[3288, 7616, 11264], [0.0, 0.0, 0.7935645633096532]], "Top1_Acc_Stream/eval_phase/test_stream/Task000": [[3288, 7616, 11264], [0.2841225626740947, 0.5573816155988858, 0.5852367688022284]], "StreamForgetting/eval_phase/test_stream": [[3288, 7616, 11264], [0.0, 0.160756501182033, 0.42457160147789524]], "ExperienceForgetting/eval_phase/test_stream/Task000/Exp000": [[7616, 11264], [0.160756501182033, 0.41276595744680844]], "ExperienceForgetting/eval_phase/test_stream/Task000/Exp001": [[11264], [0.43637724550898205]]}