{"Top1_Acc_Epoch/train_phase/train_stream/Task000": [[411, 822, 1233, 1644, 2055, 2466, 2877, 3288, 3829, 4370, 4911, 5452, 5993, 6534, 7075, 7616, 8072, 8528, 8984, 9440, 9896, 10352, 10808, 11264], [0.8164330336736249, 0.8914749352430291, 0.9179110163035197, 0.9338717050129514, 0.9452613134237391, 0.9545558433643151, 0.9585174462898065, 0.959126923662959, 0.8818827449146598, 0.9608224222585925, 0.9797901566518588, 0.9845247837269114, 0.9868336450783259, 0.9886164367547347, 0.9921235679214403, 0.9928688332943653, 0.9206830790568654, 0.9798196948682386, 0.9890256588072122, 0.9929785020804438, 0.9937586685159501, 0.994625520110957, 0.9967233009708738, 0.9973300970873786]], "Top1_Acc_Exp/eval_phase/test_stream/Task000/Exp000": [[3288, 7616, 11264], [0.8742316784869977, 0.4817966903073286, 0.6283687943262412]], "Top1_Acc_Exp/eval_phase/test_stream/Task000/Exp001": [[3288, 7616, 11264], [0.0, 0.9565868263473054, 0.7717065868263473]], "Top1_Acc_Exp/eval_phase/test_stream/Task000/Exp002": [[3288, 7616, 11264], [0.0, 0.0, 0.9093188466360217]], "Top1_Acc_Stream/eval_phase/test_stream/Task000": [[3288, 7616, 11264], [0.2575208913649025, 0.4979108635097493, 0.7753481894150418]], "StreamForgetting/eval_phase/test_stream": [[3288, 7616, 11264], [0.0, 0.3924349881796691, 0.21537156184085732]], "ExperienceForgetting/eval_phase/test_stream/Task000/Exp000": [[7616, 11264], [0.3924349881796691, 0.24586288416075652]], "ExperienceForgetting/eval_phase/test_stream/Task000/Exp001": [[11264], [0.1848802395209581]]}